0x0	0xe0
0x40	0x0
0x8	0x10
0x2	0x40
0xc	0x0
0x12	0x40
0x15	0xa76f
0x1b	0xa76f
0x22	0x40
0x27	0x2f
0x2b	0x163
0x30	0x1
0x32	0x1
0x34	0xa0
0x36	0x10000000000000000000000000000000000000000
0x37	0xffffffffffffffffffffffffffffffffffffffff
0x3a	0x80
0x3d	0x40
0x43	0x4b
0x47	0x149
0x4c	0x40
0x51	0x5eb9
0x53	0x0
0x5a	0x67
0x5f	0x0
0x64	0x0
0x69	0x1
0x6b	0x1
0x6d	0xa0
0x6f	0x10000000000000000000000000000000000000000
0x70	0xffffffffffffffffffffffffffffffffffffffff
0x73	0xa0
0x76	0x40
0x7c	0x0
0x7f	0x87
0x83	0x156
0x88	0x40
0x8d	0x41c1
0x8f	0x0
0x96	0xa3
0x9b	0x0
0xa0	0x0
0xa5	0xa0
0xa9	0x80
0xac	0x40
0xaf	0x1b1492e1
0xb4	0xe1
0xb6	0x362925c200000000000000000000000000000000000000000000000000000000
0xb9	0x1
0xbb	0x1
0xbd	0xa0
0xbf	0x10000000000000000000000000000000000000000
0xc0	0xffffffffffffffffffffffffffffffffffffffff
0xc4	0x4
0xcc	0x24
0xd1	0x44
0xd9	0x0
0xdb	0xa4
0xe2	0xc0
0xe4	0x64
0xe9	0xc4
0xef	0x84
0xfb	0x362925c2
0x101	0xe4
0x104	0x0
0x106	0x40
0x10b	0xe4
0x10d	0x0
0x115	0x11d
0x119	0x0
0x124	0x131
0x129	0x0
0x12e	0x0
0x136	0x1
0x138	0x1
0x13a	0xa0
0x13c	0x10000000000000000000000000000000000000000
0x13d	0xffffffffffffffffffffffffffffffffffffffff
0x13f	0xc0
0x143	0x193
0x14a	0x5eb9
0x14e	0x6f5
0x157	0x41c1
0x15b	0x65ae
0x194	0x80
0x197	0xa0
0x19a	0xc0
0x19d	0x521
0x1a0	0x1d4
0x1a3	0x0
0x1a6	0x0
0x1aa	0xb9
0x1ac	0xb9
0x1ae	0x13f
0x1b1	0x13f
0x1b3	0x0
0x1b7	0x56
0x1b9	0x56
0x1bb	0x1b1
0x1be	0x1b1
0x1c0	0x0
0x1c4	0xe0
0x1c6	0xe0
0x1c8	0x1d3
0x1cb	0x1d3
0x1cd	0x521
0x1d0	0x0
0x171V0x10	0x0
0x188V0x10	0x0
0x164V0x10	0x0
0x166V0x10	0x20
0x16dV0x10	0x175
0x178V0x10	0x1
0x17aV0x10	0x1
0x17cV0x10	0xa0
0x17eV0x10	0x10000000000000000000000000000000000000000
0x17fV0x10	0xffffffffffffffffffffffffffffffffffffffff
0x184V0x10	0x18c
